system,period,n_docs,n_tokens,op_rate,rel_rate,ratio_op_to_rel
duke,early (2010-2016),1,197,152.28426395939087,101.5228426395939,1.5000000000000002
duke,late (2017-2025),7,4301,13.950244129272262,88.35154615205767,0.15789473684210525
michigan,early (2010-2016),3,5088,1.9654088050314464,84.5125786163522,0.023255813953488372
michigan,late (2017-2025),14,7047,4.257130693912303,53.923655456222505,0.07894736842105263
stanford,early (2010-2016),32,30981,5.164455634098318,181.7242826248346,0.02841918294849023
stanford,late (2017-2025),35,42239,4.261464523307843,95.40945571628116,0.04466501240694789
ucdavis,late (2017-2025),9,5157,1.9391118867558659,166.76362226100446,0.011627906976744186
ucsf,early (2010-2016),7,5514,3.6271309394269133,194.05150525933988,0.018691588785046728
ucsf,late (2017-2025),422,360959,9.474760291335027,69.20453569518976,0.13690952762209768
